https://www.basketball-reference.com/leagues/NBA_2022.html,https://www.basketball-reference.com,1673226085.400981,<Response [200]>
https://www.basketball-reference.com/teams/MIN/2022.html,https://www.basketball-reference.com,1673226085.747618,<Response [200]>
https://www.basketball-reference.com/leagues/NBA_2022.html,https://www.basketball-reference.com,1673226334.129099,<Response [200]>
https://www.basketball-reference.com/teams/MIN/2022.html,https://www.basketball-reference.com,1673226334.4420428,<Response [200]>
https://www.basketball-reference.com/teams/MEM/2022.html,https://www.basketball-reference.com,1673226334.846295,<Response [200]>
https://www.basketball-reference.com/teams/MIL/2022.html,https://www.basketball-reference.com,1673226335.223777,<Response [200]>
https://www.basketball-reference.com/teams/CHO/2022.html,https://www.basketball-reference.com,1673226335.644165,<Response [200]>
https://www.basketball-reference.com/teams/PHO/2022.html,https://www.basketball-reference.com,1673226335.977494,<Response [200]>
https://www.basketball-reference.com/teams/ATL/2022.html,https://www.basketball-reference.com,1673226336.353319,<Response [200]>
https://www.basketball-reference.com/teams/UTA/2022.html,https://www.basketball-reference.com,1673226336.749023,<Response [200]>
https://www.basketball-reference.com/teams/SAS/2022.html,https://www.basketball-reference.com,1673226337.140597,<Response [200]>
https://www.basketball-reference.com/teams/BRK/2022.html,https://www.basketball-reference.com,1673226337.500839,<Response [200]>
https://www.basketball-reference.com/teams/DEN/2022.html,https://www.basketball-reference.com,1673226337.875079,<Response [200]>
https://www.basketball-reference.com/teams/LAL/2022.html,https://www.basketball-reference.com,1673226338.6364548,<Response [200]>
https://www.basketball-reference.com/teams/BOS/2022.html,https://www.basketball-reference.com,1673226339.089946,<Response [200]>
https://www.basketball-reference.com/teams/CHI/2022.html,https://www.basketball-reference.com,1673226339.521442,<Response [200]>
https://www.basketball-reference.com/teams/IND/2022.html,https://www.basketball-reference.com,1673226339.9423249,<Response [200]>
https://www.basketball-reference.com/teams/GSW/2022.html,https://www.basketball-reference.com,1673226340.339736,<Response [200]>
https://www.basketball-reference.com/teams/SAC/2022.html,https://www.basketball-reference.com,1673226340.7211368,<Response [200]>
https://www.basketball-reference.com/teams/MIA/2022.html,https://www.basketball-reference.com,1673226341.0894809,<Response [200]>
https://www.basketball-reference.com/teams/PHI/2022.html,https://www.basketball-reference.com,1673226341.46698,<Response [200]>
https://www.basketball-reference.com/teams/HOU/2022.html,https://www.basketball-reference.com,1673226341.8655932,<Response [200]>
https://www.basketball-reference.com/teams/TOR/2022.html,https://www.basketball-reference.com,1673226396.324203,<Response [200]>
https://www.basketball-reference.com/teams/NOP/2022.html,https://www.basketball-reference.com,1673226396.78651,<Response [200]>
https://www.basketball-reference.com/teams/WAS/2022.html,https://www.basketball-reference.com,1673226397.2266061,<Response [200]>
https://www.basketball-reference.com/teams/LAC/2022.html,https://www.basketball-reference.com,1673226397.711274,<Response [200]>
https://www.basketball-reference.com/teams/DAL/2022.html,https://www.basketball-reference.com,1673226398.038041,<Response [200]>
https://www.basketball-reference.com/teams/CLE/2022.html,https://www.basketball-reference.com,1673226398.4345841,<Response [200]>
https://www.basketball-reference.com/teams/NYK/2022.html,https://www.basketball-reference.com,1673226398.925805,<Response [200]>
https://www.basketball-reference.com/teams/POR/2022.html,https://www.basketball-reference.com,1673226399.249043,<Response [200]>
https://www.basketball-reference.com/teams/DET/2022.html,https://www.basketball-reference.com,1673226399.658092,<Response [200]>
https://www.basketball-reference.com/teams/ORL/2022.html,https://www.basketball-reference.com,1673226400.057895,<Response [200]>
https://www.basketball-reference.com/teams/OKC/2022.html,https://www.basketball-reference.com,1673226400.441298,<Response [200]>
https://www.basketball-reference.com/leagues/NBA_2021.html,https://www.basketball-reference.com,1673226420.9727879,<Response [200]>
https://www.basketball-reference.com/teams/MIL/2021.html,https://www.basketball-reference.com,1673226421.327057,<Response [200]>
https://www.basketball-reference.com/teams/BRK/2021.html,https://www.basketball-reference.com,1673226421.752932,<Response [200]>
https://www.basketball-reference.com/teams/WAS/2021.html,https://www.basketball-reference.com,1673226422.195501,<Response [200]>
https://www.basketball-reference.com/teams/UTA/2021.html,https://www.basketball-reference.com,1673226422.579765,<Response [200]>
https://www.basketball-reference.com/teams/POR/2021.html,https://www.basketball-reference.com,1673226422.933887,<Response [200]>
https://www.basketball-reference.com/teams/PHO/2021.html,https://www.basketball-reference.com,1673226423.366912,<Response [200]>
https://www.basketball-reference.com/teams/IND/2021.html,https://www.basketball-reference.com,1673226423.733829,<Response [200]>
https://www.basketball-reference.com/teams/DEN/2021.html,https://www.basketball-reference.com,1673226424.081301,<Response [200]>
https://www.basketball-reference.com/teams/NOP/2021.html,https://www.basketball-reference.com,1673226458.981945,<Response [200]>
https://www.basketball-reference.com/teams/LAC/2021.html,https://www.basketball-reference.com,1673226459.427058,<Response [200]>
https://www.basketball-reference.com/teams/ATL/2021.html,https://www.basketball-reference.com,1673226459.91426,<Response [200]>
https://www.basketball-reference.com/teams/SAC/2021.html,https://www.basketball-reference.com,1673226460.547585,<Response [200]>
https://www.basketball-reference.com/teams/GSW/2021.html,https://www.basketball-reference.com,1673226460.985214,<Response [200]>
https://www.basketball-reference.com/teams/PHI/2021.html,https://www.basketball-reference.com,1673226461.377134,<Response [200]>
https://www.basketball-reference.com/teams/MEM/2021.html,https://www.basketball-reference.com,1673226461.934037,<Response [200]>
https://www.basketball-reference.com/teams/BOS/2021.html,https://www.basketball-reference.com,1673226462.3915021,<Response [200]>
https://www.basketball-reference.com/teams/DAL/2021.html,https://www.basketball-reference.com,1673226462.772088,<Response [200]>
https://www.basketball-reference.com/teams/MIN/2021.html,https://www.basketball-reference.com,1673226463.130257,<Response [200]>
https://www.basketball-reference.com/teams/TOR/2021.html,https://www.basketball-reference.com,1673226463.45329,<Response [200]>
https://www.basketball-reference.com/teams/SAS/2021.html,https://www.basketball-reference.com,1673226483.140161,<Response [200]>
https://www.basketball-reference.com/teams/CHI/2021.html,https://www.basketball-reference.com,1673226483.609059,<Response [200]>
https://www.basketball-reference.com/teams/LAL/2021.html,https://www.basketball-reference.com,1673226484.104535,<Response [200]>
https://www.basketball-reference.com/teams/CHO/2021.html,https://www.basketball-reference.com,1673226484.588772,<Response [200]>
https://www.basketball-reference.com/teams/HOU/2021.html,https://www.basketball-reference.com,1673226484.981726,<Response [200]>
https://www.basketball-reference.com/teams/MIA/2021.html,https://www.basketball-reference.com,1673226485.417334,<Response [200]>
https://www.basketball-reference.com/teams/NYK/2021.html,https://www.basketball-reference.com,1673226485.833738,<Response [200]>
https://www.basketball-reference.com/teams/DET/2021.html,https://www.basketball-reference.com,1673226486.225366,<Response [200]>
https://www.basketball-reference.com/teams/OKC/2021.html,https://www.basketball-reference.com,1673226486.652978,<Response [200]>
https://www.basketball-reference.com/teams/ORL/2021.html,https://www.basketball-reference.com,1673226521.1307552,<Response [200]>
https://www.basketball-reference.com/teams/CLE/2021.html,https://www.basketball-reference.com,1673226521.5757508,<Response [200]>
https://www.basketball-reference.com/leagues/NBA_2021.html,https://www.basketball-reference.com,1673241488.019,<Response [200]>
https://www.basketball-reference.com/teams/MIL/2021.html,https://www.basketball-reference.com,1673241488.3897002,<Response [200]>
https://www.basketball-reference.com/teams/BRK/2021.html,https://www.basketball-reference.com,1673241488.8043451,<Response [200]>
https://www.basketball-reference.com/teams/WAS/2021.html,https://www.basketball-reference.com,1673241489.226402,<Response [200]>
https://www.basketball-reference.com/teams/UTA/2021.html,https://www.basketball-reference.com,1673241489.599736,<Response [200]>
https://www.basketball-reference.com/teams/POR/2021.html,https://www.basketball-reference.com,1673241490.0069919,<Response [200]>
https://www.basketball-reference.com/teams/PHO/2021.html,https://www.basketball-reference.com,1673241490.741791,<Response [200]>
https://www.basketball-reference.com/teams/IND/2021.html,https://www.basketball-reference.com,1673241491.308814,<Response [200]>
https://www.basketball-reference.com/teams/DEN/2021.html,https://www.basketball-reference.com,1673241491.717949,<Response [200]>
https://www.basketball-reference.com/teams/NOP/2021.html,https://www.basketball-reference.com,1673241492.200841,<Response [200]>
https://www.basketball-reference.com/teams/LAC/2021.html,https://www.basketball-reference.com,1673241492.552408,<Response [200]>
https://www.basketball-reference.com/teams/ATL/2021.html,https://www.basketball-reference.com,1673241492.9653141,<Response [200]>
https://www.basketball-reference.com/teams/SAC/2021.html,https://www.basketball-reference.com,1673241493.383978,<Response [200]>
https://www.basketball-reference.com/teams/GSW/2021.html,https://www.basketball-reference.com,1673241493.755956,<Response [200]>
https://www.basketball-reference.com/teams/PHI/2021.html,https://www.basketball-reference.com,1673241494.15022,<Response [200]>
https://www.basketball-reference.com/teams/MEM/2021.html,https://www.basketball-reference.com,1673241494.6487858,<Response [200]>
https://www.basketball-reference.com/teams/BOS/2021.html,https://www.basketball-reference.com,1673241495.2475939,<Response [200]>
https://www.basketball-reference.com/teams/DAL/2021.html,https://www.basketball-reference.com,1673241495.679244,<Response [200]>
https://www.basketball-reference.com/teams/MIN/2021.html,https://www.basketball-reference.com,1673241496.1240551,<Response [200]>
https://www.basketball-reference.com/teams/TOR/2021.html,https://www.basketball-reference.com,1673241496.483685,<Response [200]>
https://www.basketball-reference.com/teams/SAS/2021.html,https://www.basketball-reference.com,1673241550.142449,<Response [200]>
https://www.basketball-reference.com/teams/CHI/2021.html,https://www.basketball-reference.com,1673241550.515714,<Response [200]>
https://www.basketball-reference.com/teams/LAL/2021.html,https://www.basketball-reference.com,1673241550.8354151,<Response [200]>
https://www.basketball-reference.com/teams/CHO/2021.html,https://www.basketball-reference.com,1673241551.213887,<Response [200]>
https://www.basketball-reference.com/teams/HOU/2021.html,https://www.basketball-reference.com,1673241551.581144,<Response [200]>
https://www.basketball-reference.com/teams/MIA/2021.html,https://www.basketball-reference.com,1673241551.936194,<Response [200]>
https://www.basketball-reference.com/teams/NYK/2021.html,https://www.basketball-reference.com,1673241552.4013839,<Response [200]>
https://www.basketball-reference.com/teams/DET/2021.html,https://www.basketball-reference.com,1673241552.8008058,<Response [200]>
https://www.basketball-reference.com/teams/OKC/2021.html,https://www.basketball-reference.com,1673241553.149409,<Response [200]>
https://www.basketball-reference.com/teams/ORL/2021.html,https://www.basketball-reference.com,1673241553.510379,<Response [200]>
https://www.basketball-reference.com/teams/CLE/2021.html,https://www.basketball-reference.com,1673241553.9018052,<Response [200]>
https://www.basketball-reference.com/leagues/NBA_2020.html,https://www.basketball-reference.com,1673241560.733919,<Response [200]>
https://www.basketball-reference.com/teams/MIL/2020.html,https://www.basketball-reference.com,1673241561.0914419,<Response [200]>
https://www.basketball-reference.com/teams/HOU/2020.html,https://www.basketball-reference.com,1673241561.4368262,<Response [200]>
https://www.basketball-reference.com/teams/DAL/2020.html,https://www.basketball-reference.com,1673241561.789511,<Response [200]>
https://www.basketball-reference.com/teams/LAC/2020.html,https://www.basketball-reference.com,1673241562.139242,<Response [200]>
https://www.basketball-reference.com/teams/NOP/2020.html,https://www.basketball-reference.com,1673241562.5003772,<Response [200]>
https://www.basketball-reference.com/teams/POR/2020.html,https://www.basketball-reference.com,1673241562.951016,<Response [200]>
https://www.basketball-reference.com/teams/WAS/2020.html,https://www.basketball-reference.com,1673241563.373801,<Response [200]>
https://www.basketball-reference.com/teams/SAS/2020.html,https://www.basketball-reference.com,1673241563.729938,<Response [200]>
https://www.basketball-reference.com/teams/BOS/2020.html,https://www.basketball-reference.com,1673241612.265986,<Response [200]>
https://www.basketball-reference.com/teams/PHO/2020.html,https://www.basketball-reference.com,1673241612.727817,<Response [200]>
https://www.basketball-reference.com/teams/LAL/2020.html,https://www.basketball-reference.com,1673241613.074463,<Response [200]>
https://www.basketball-reference.com/teams/MIN/2020.html,https://www.basketball-reference.com,1673241613.459445,<Response [200]>
https://www.basketball-reference.com/teams/TOR/2020.html,https://www.basketball-reference.com,1673241613.8970509,<Response [200]>
https://www.basketball-reference.com/teams/MEM/2020.html,https://www.basketball-reference.com,1673241614.323126,<Response [200]>
https://www.basketball-reference.com/teams/MIA/2020.html,https://www.basketball-reference.com,1673241614.6804779,<Response [200]>
https://www.basketball-reference.com/teams/ATL/2020.html,https://www.basketball-reference.com,1673241615.140198,<Response [200]>
https://www.basketball-reference.com/teams/BRK/2020.html,https://www.basketball-reference.com,1673241615.468906,<Response [200]>
https://www.basketball-reference.com/teams/DEN/2020.html,https://www.basketball-reference.com,1673241615.898818,<Response [200]>
https://www.basketball-reference.com/teams/UTA/2020.html,https://www.basketball-reference.com,1673241616.264508,<Response [200]>
https://www.basketball-reference.com/teams/PHI/2020.html,https://www.basketball-reference.com,1673241622.89089,<Response [200]>
https://www.basketball-reference.com/teams/OKC/2020.html,https://www.basketball-reference.com,1673241623.278212,<Response [200]>
https://www.basketball-reference.com/teams/SAC/2020.html,https://www.basketball-reference.com,1673241623.618164,<Response [200]>
https://www.basketball-reference.com/teams/IND/2020.html,https://www.basketball-reference.com,1673241623.949832,<Response [200]>
https://www.basketball-reference.com/teams/ORL/2020.html,https://www.basketball-reference.com,1673241624.334224,<Response [200]>
https://www.basketball-reference.com/teams/DET/2020.html,https://www.basketball-reference.com,1673241624.853104,<Response [200]>
https://www.basketball-reference.com/teams/CLE/2020.html,https://www.basketball-reference.com,1673241625.2055218,<Response [200]>
https://www.basketball-reference.com/teams/CHI/2020.html,https://www.basketball-reference.com,1673241625.5693882,<Response [200]>
https://www.basketball-reference.com/teams/GSW/2020.html,https://www.basketball-reference.com,1673241625.869971,<Response [429]>
https://www.basketball-reference.com/leagues/NBA_2020.html,https://www.basketball-reference.com,1673246541.578675,<Response [200]>
https://www.basketball-reference.com/teams/MIL/2020.html,https://www.basketball-reference.com,1673246541.911649,<Response [200]>
https://www.basketball-reference.com/teams/HOU/2020.html,https://www.basketball-reference.com,1673246542.24497,<Response [200]>
https://www.basketball-reference.com/teams/DAL/2020.html,https://www.basketball-reference.com,1673246542.621755,<Response [200]>
https://www.basketball-reference.com/teams/LAC/2020.html,https://www.basketball-reference.com,1673246543.028419,<Response [200]>
https://www.basketball-reference.com/teams/NOP/2020.html,https://www.basketball-reference.com,1673246543.4065778,<Response [200]>
https://www.basketball-reference.com/teams/POR/2020.html,https://www.basketball-reference.com,1673246543.7376761,<Response [200]>
https://www.basketball-reference.com/teams/WAS/2020.html,https://www.basketball-reference.com,1673246544.1303968,<Response [200]>
https://www.basketball-reference.com/teams/SAS/2020.html,https://www.basketball-reference.com,1673246544.4706938,<Response [200]>
https://www.basketball-reference.com/teams/BOS/2020.html,https://www.basketball-reference.com,1673246544.8063848,<Response [200]>
https://www.basketball-reference.com/teams/PHO/2020.html,https://www.basketball-reference.com,1673246545.242306,<Response [200]>
https://www.basketball-reference.com/teams/LAL/2020.html,https://www.basketball-reference.com,1673246545.745965,<Response [200]>
https://www.basketball-reference.com/teams/MIN/2020.html,https://www.basketball-reference.com,1673246546.138762,<Response [200]>
https://www.basketball-reference.com/teams/TOR/2020.html,https://www.basketball-reference.com,1673246546.518927,<Response [200]>
https://www.basketball-reference.com/teams/MEM/2020.html,https://www.basketball-reference.com,1673246546.865659,<Response [200]>
https://www.basketball-reference.com/teams/MIA/2020.html,https://www.basketball-reference.com,1673246547.211988,<Response [200]>
https://www.basketball-reference.com/teams/ATL/2020.html,https://www.basketball-reference.com,1673246547.634007,<Response [200]>
https://www.basketball-reference.com/teams/BRK/2020.html,https://www.basketball-reference.com,1673246547.996614,<Response [200]>
https://www.basketball-reference.com/teams/DEN/2020.html,https://www.basketball-reference.com,1673246548.384077,<Response [200]>
https://www.basketball-reference.com/teams/UTA/2020.html,https://www.basketball-reference.com,1673246548.7829802,<Response [200]>
https://www.basketball-reference.com/teams/PHI/2020.html,https://www.basketball-reference.com,1673246617.334781,<Response [200]>
https://www.basketball-reference.com/teams/OKC/2020.html,https://www.basketball-reference.com,1673246617.7075598,<Response [200]>
https://www.basketball-reference.com/teams/SAC/2020.html,https://www.basketball-reference.com,1673246618.0810921,<Response [200]>
https://www.basketball-reference.com/teams/IND/2020.html,https://www.basketball-reference.com,1673246618.442066,<Response [200]>
https://www.basketball-reference.com/teams/ORL/2020.html,https://www.basketball-reference.com,1673246618.829458,<Response [200]>
https://www.basketball-reference.com/teams/DET/2020.html,https://www.basketball-reference.com,1673246619.299603,<Response [200]>
https://www.basketball-reference.com/teams/CLE/2020.html,https://www.basketball-reference.com,1673246619.638643,<Response [200]>
https://www.basketball-reference.com/teams/CHI/2020.html,https://www.basketball-reference.com,1673246620.0084229,<Response [200]>
https://www.basketball-reference.com/teams/GSW/2020.html,https://www.basketball-reference.com,1673246620.3273978,<Response [200]>
https://www.basketball-reference.com/teams/NYK/2020.html,https://www.basketball-reference.com,1673246620.732552,<Response [200]>
https://www.basketball-reference.com/teams/CHO/2020.html,https://www.basketball-reference.com,1673246621.0970712,<Response [200]>
https://www.basketball-reference.com/leagues/NBA_2019.html,https://www.basketball-reference.com,1673246700.5791411,<Response [200]>
https://www.basketball-reference.com/teams/MIL/2019.html,https://www.basketball-reference.com,1673246700.913392,<Response [200]>
https://www.basketball-reference.com/teams/GSW/2019.html,https://www.basketball-reference.com,1673246701.287673,<Response [200]>
https://www.basketball-reference.com/teams/NOP/2019.html,https://www.basketball-reference.com,1673246701.6620631,<Response [200]>
https://www.basketball-reference.com/teams/PHI/2019.html,https://www.basketball-reference.com,1673246702.051291,<Response [200]>
https://www.basketball-reference.com/teams/LAC/2019.html,https://www.basketball-reference.com,1673246702.4027278,<Response [200]>
https://www.basketball-reference.com/teams/POR/2019.html,https://www.basketball-reference.com,1673246702.804655,<Response [200]>
https://www.basketball-reference.com/teams/OKC/2019.html,https://www.basketball-reference.com,1673246703.1845279,<Response [200]>
https://www.basketball-reference.com/teams/TOR/2019.html,https://www.basketball-reference.com,1673246703.555267,<Response [200]>
https://www.basketball-reference.com/teams/SAC/2019.html,https://www.basketball-reference.com,1673246703.962611,<Response [200]>
https://www.basketball-reference.com/teams/WAS/2019.html,https://www.basketball-reference.com,1673246704.3494558,<Response [200]>
https://www.basketball-reference.com/teams/HOU/2019.html,https://www.basketball-reference.com,1673246704.7405272,<Response [200]>
https://www.basketball-reference.com/teams/ATL/2019.html,https://www.basketball-reference.com,1673246705.150496,<Response [200]>
https://www.basketball-reference.com/teams/MIN/2019.html,https://www.basketball-reference.com,1673246705.510348,<Response [200]>
https://www.basketball-reference.com/teams/BOS/2019.html,https://www.basketball-reference.com,1673246705.858171,<Response [200]>
https://www.basketball-reference.com/teams/BRK/2019.html,https://www.basketball-reference.com,1673246706.295879,<Response [200]>
https://www.basketball-reference.com/teams/LAL/2019.html,https://www.basketball-reference.com,1673246706.680755,<Response [200]>
https://www.basketball-reference.com/teams/SAS/2019.html,https://www.basketball-reference.com,1673246707.0413508,<Response [200]>
https://www.basketball-reference.com/teams/UTA/2019.html,https://www.basketball-reference.com,1673246707.482988,<Response [200]>
https://www.basketball-reference.com/teams/DEN/2019.html,https://www.basketball-reference.com,1673246707.880191,<Response [200]>
https://www.basketball-reference.com/teams/CHO/2019.html,https://www.basketball-reference.com,1673246776.2867851,<Response [200]>
https://www.basketball-reference.com/teams/DAL/2019.html,https://www.basketball-reference.com,1673246776.66687,<Response [200]>
https://www.basketball-reference.com/teams/IND/2019.html,https://www.basketball-reference.com,1673246776.974103,<Response [200]>
https://www.basketball-reference.com/teams/PHO/2019.html,https://www.basketball-reference.com,1673246777.3367429,<Response [200]>
https://www.basketball-reference.com/teams/ORL/2019.html,https://www.basketball-reference.com,1673246777.729632,<Response [200]>
https://www.basketball-reference.com/teams/DET/2019.html,https://www.basketball-reference.com,1673246778.135211,<Response [200]>
https://www.basketball-reference.com/teams/MIA/2019.html,https://www.basketball-reference.com,1673246778.545401,<Response [200]>
https://www.basketball-reference.com/teams/CHI/2019.html,https://www.basketball-reference.com,1673246778.924955,<Response [200]>
https://www.basketball-reference.com/teams/NYK/2019.html,https://www.basketball-reference.com,1673246779.291486,<Response [200]>
https://www.basketball-reference.com/teams/CLE/2019.html,https://www.basketball-reference.com,1673246779.66985,<Response [200]>
https://www.basketball-reference.com/teams/MEM/2019.html,https://www.basketball-reference.com,1673246780.0505931,<Response [200]>
https://www.basketball-reference.com/leagues/NBA_2019.html,https://www.basketball-reference.com,1673246800.2160819,<Response [200]>
https://www.basketball-reference.com/teams/MIL/2019.html,https://www.basketball-reference.com,1673246800.535937,<Response [200]>
https://www.basketball-reference.com/teams/GSW/2019.html,https://www.basketball-reference.com,1673246800.8901062,<Response [200]>
https://www.basketball-reference.com/teams/NOP/2019.html,https://www.basketball-reference.com,1673246801.251319,<Response [200]>
https://www.basketball-reference.com/teams/PHI/2019.html,https://www.basketball-reference.com,1673246801.6601589,<Response [200]>
https://www.basketball-reference.com/teams/LAC/2019.html,https://www.basketball-reference.com,1673246802.02623,<Response [200]>
https://www.basketball-reference.com/teams/POR/2019.html,https://www.basketball-reference.com,1673246802.44703,<Response [200]>
https://www.basketball-reference.com/teams/OKC/2019.html,https://www.basketball-reference.com,1673246802.840202,<Response [200]>
https://www.basketball-reference.com/teams/TOR/2019.html,https://www.basketball-reference.com,1673246803.238466,<Response [200]>
https://www.basketball-reference.com/teams/SAC/2019.html,https://www.basketball-reference.com,1673246847.094522,<Response [200]>
https://www.basketball-reference.com/teams/WAS/2019.html,https://www.basketball-reference.com,1673246847.44952,<Response [200]>
https://www.basketball-reference.com/teams/HOU/2019.html,https://www.basketball-reference.com,1673246847.8044028,<Response [200]>
https://www.basketball-reference.com/teams/ATL/2019.html,https://www.basketball-reference.com,1673246848.17435,<Response [200]>
https://www.basketball-reference.com/teams/MIN/2019.html,https://www.basketball-reference.com,1673246848.499097,<Response [200]>
https://www.basketball-reference.com/teams/BOS/2019.html,https://www.basketball-reference.com,1673246848.8096142,<Response [200]>
https://www.basketball-reference.com/teams/BRK/2019.html,https://www.basketball-reference.com,1673246849.17389,<Response [200]>
https://www.basketball-reference.com/teams/LAL/2019.html,https://www.basketball-reference.com,1673246849.527054,<Response [200]>
https://www.basketball-reference.com/teams/SAS/2019.html,https://www.basketball-reference.com,1673246849.840508,<Response [200]>
https://www.basketball-reference.com/teams/UTA/2019.html,https://www.basketball-reference.com,1673246850.193183,<Response [200]>
https://www.basketball-reference.com/teams/DEN/2019.html,https://www.basketball-reference.com,1673246850.54585,<Response [200]>
https://www.basketball-reference.com/teams/CHO/2019.html,https://www.basketball-reference.com,1673246865.16193,<Response [200]>
https://www.basketball-reference.com/teams/DAL/2019.html,https://www.basketball-reference.com,1673246865.465517,<Response [200]>
https://www.basketball-reference.com/teams/IND/2019.html,https://www.basketball-reference.com,1673246865.769964,<Response [200]>
https://www.basketball-reference.com/teams/PHO/2019.html,https://www.basketball-reference.com,1673246866.1144478,<Response [200]>
https://www.basketball-reference.com/teams/ORL/2019.html,https://www.basketball-reference.com,1673246866.503977,<Response [200]>
https://www.basketball-reference.com/teams/DET/2019.html,https://www.basketball-reference.com,1673246866.8185751,<Response [200]>
https://www.basketball-reference.com/teams/MIA/2019.html,https://www.basketball-reference.com,1673246867.204004,<Response [200]>
https://www.basketball-reference.com/teams/CHI/2019.html,https://www.basketball-reference.com,1673246867.533548,<Response [200]>
https://www.basketball-reference.com/teams/NYK/2019.html,https://www.basketball-reference.com,1673246867.835652,<Response [200]>
https://www.basketball-reference.com/teams/CLE/2019.html,https://www.basketball-reference.com,1673246919.607958,<Response [200]>
https://www.basketball-reference.com/teams/MEM/2019.html,https://www.basketball-reference.com,1673246919.9563289,<Response [200]>
https://www.basketball-reference.com/leagues/NBA_2018.html,https://www.basketball-reference.com,1673246973.397425,<Response [200]>
https://www.basketball-reference.com/teams/GSW/2018.html,https://www.basketball-reference.com,1673246973.7608829,<Response [200]>
https://www.basketball-reference.com/teams/HOU/2018.html,https://www.basketball-reference.com,1673246974.166699,<Response [200]>
https://www.basketball-reference.com/teams/NOP/2018.html,https://www.basketball-reference.com,1673246974.633613,<Response [200]>
https://www.basketball-reference.com/teams/TOR/2018.html,https://www.basketball-reference.com,1673246975.049773,<Response [200]>
https://www.basketball-reference.com/teams/CLE/2018.html,https://www.basketball-reference.com,1673246975.477505,<Response [200]>
https://www.basketball-reference.com/teams/DEN/2018.html,https://www.basketball-reference.com,1673246975.891566,<Response [200]>
https://www.basketball-reference.com/teams/PHI/2018.html,https://www.basketball-reference.com,1673246976.258601,<Response [200]>
https://www.basketball-reference.com/teams/MIN/2018.html,https://www.basketball-reference.com,1673246976.676835,<Response [200]>
https://www.basketball-reference.com/teams/LAC/2018.html,https://www.basketball-reference.com,1673246977.081454,<Response [200]>
https://www.basketball-reference.com/teams/CHO/2018.html,https://www.basketball-reference.com,1673246977.461161,<Response [200]>
https://www.basketball-reference.com/teams/LAL/2018.html,https://www.basketball-reference.com,1673246977.816452,<Response [200]>
https://www.basketball-reference.com/teams/OKC/2018.html,https://www.basketball-reference.com,1673246978.2091022,<Response [200]>
https://www.basketball-reference.com/teams/WAS/2018.html,https://www.basketball-reference.com,1673246978.5818791,<Response [200]>
https://www.basketball-reference.com/teams/BRK/2018.html,https://www.basketball-reference.com,1673246978.954304,<Response [200]>
https://www.basketball-reference.com/teams/MIL/2018.html,https://www.basketball-reference.com,1673246979.38414,<Response [200]>
https://www.basketball-reference.com/teams/IND/2018.html,https://www.basketball-reference.com,1673246979.744413,<Response [200]>
https://www.basketball-reference.com/teams/POR/2018.html,https://www.basketball-reference.com,1673246980.127319,<Response [200]>
https://www.basketball-reference.com/teams/NYK/2018.html,https://www.basketball-reference.com,1673246980.513581,<Response [200]>
https://www.basketball-reference.com/teams/UTA/2018.html,https://www.basketball-reference.com,1673246980.87609,<Response [200]>
https://www.basketball-reference.com/teams/BOS/2018.html,https://www.basketball-reference.com,1673247049.091896,<Response [200]>
https://www.basketball-reference.com/teams/PHO/2018.html,https://www.basketball-reference.com,1673247049.4892411,<Response [200]>
https://www.basketball-reference.com/teams/DET/2018.html,https://www.basketball-reference.com,1673247049.846005,<Response [200]>
https://www.basketball-reference.com/teams/MIA/2018.html,https://www.basketball-reference.com,1673247050.237706,<Response [200]>
https://www.basketball-reference.com/teams/ORL/2018.html,https://www.basketball-reference.com,1673247050.652555,<Response [200]>
https://www.basketball-reference.com/teams/ATL/2018.html,https://www.basketball-reference.com,1673247050.9768598,<Response [200]>
https://www.basketball-reference.com/teams/CHI/2018.html,https://www.basketball-reference.com,1673247051.304677,<Response [200]>
https://www.basketball-reference.com/teams/SAS/2018.html,https://www.basketball-reference.com,1673247051.726496,<Response [200]>
https://www.basketball-reference.com/teams/DAL/2018.html,https://www.basketball-reference.com,1673247052.0946271,<Response [200]>
https://www.basketball-reference.com/teams/MEM/2018.html,https://www.basketball-reference.com,1673247052.4219468,<Response [200]>
https://www.basketball-reference.com/teams/SAC/2018.html,https://www.basketball-reference.com,1673247052.823457,<Response [200]>
https://www.basketball-reference.com/leagues/NBA_2017.html,https://www.basketball-reference.com,1673247121.905052,<Response [200]>
https://www.basketball-reference.com/teams/GSW/2017.html,https://www.basketball-reference.com,1673247122.302334,<Response [200]>
https://www.basketball-reference.com/teams/HOU/2017.html,https://www.basketball-reference.com,1673247122.6918669,<Response [200]>
https://www.basketball-reference.com/teams/DEN/2017.html,https://www.basketball-reference.com,1673247123.125054,<Response [200]>
https://www.basketball-reference.com/teams/CLE/2017.html,https://www.basketball-reference.com,1673247123.489242,<Response [200]>
https://www.basketball-reference.com/teams/WAS/2017.html,https://www.basketball-reference.com,1673247123.9001448,<Response [200]>
https://www.basketball-reference.com/teams/LAC/2017.html,https://www.basketball-reference.com,1673247124.309945,<Response [200]>
https://www.basketball-reference.com/teams/BOS/2017.html,https://www.basketball-reference.com,1673247124.703831,<Response [200]>
https://www.basketball-reference.com/teams/POR/2017.html,https://www.basketball-reference.com,1673247125.1132889,<Response [200]>
https://www.basketball-reference.com/teams/PHO/2017.html,https://www.basketball-reference.com,1673247125.503964,<Response [200]>
https://www.basketball-reference.com/teams/TOR/2017.html,https://www.basketball-reference.com,1673247125.90847,<Response [200]>
https://www.basketball-reference.com/teams/OKC/2017.html,https://www.basketball-reference.com,1673247126.3298051,<Response [200]>
https://www.basketball-reference.com/teams/BRK/2017.html,https://www.basketball-reference.com,1673247126.739728,<Response [200]>
https://www.basketball-reference.com/teams/MIN/2017.html,https://www.basketball-reference.com,1673247127.11743,<Response [200]>
https://www.basketball-reference.com/teams/SAS/2017.html,https://www.basketball-reference.com,1673247127.502896,<Response [200]>
https://www.basketball-reference.com/teams/IND/2017.html,https://www.basketball-reference.com,1673247127.904408,<Response [200]>
https://www.basketball-reference.com/teams/CHO/2017.html,https://www.basketball-reference.com,1673247128.300958,<Response [200]>
https://www.basketball-reference.com/teams/LAL/2017.html,https://www.basketball-reference.com,1673247128.650048,<Response [200]>
https://www.basketball-reference.com/teams/NOP/2017.html,https://www.basketball-reference.com,1673247128.994925,<Response [200]>
https://www.basketball-reference.com/teams/NYK/2017.html,https://www.basketball-reference.com,1673247129.4521668,<Response [200]>
https://www.basketball-reference.com/teams/MIL/2017.html,https://www.basketball-reference.com,1673247197.5342112,<Response [200]>
https://www.basketball-reference.com/teams/ATL/2017.html,https://www.basketball-reference.com,1673247197.900566,<Response [200]>
https://www.basketball-reference.com/teams/MIA/2017.html,https://www.basketball-reference.com,1673247198.29515,<Response [200]>
https://www.basketball-reference.com/teams/CHI/2017.html,https://www.basketball-reference.com,1673247198.601263,<Response [200]>
https://www.basketball-reference.com/teams/SAC/2017.html,https://www.basketball-reference.com,1673247198.9554718,<Response [200]>
https://www.basketball-reference.com/teams/PHI/2017.html,https://www.basketball-reference.com,1673247199.307523,<Response [200]>
https://www.basketball-reference.com/teams/DET/2017.html,https://www.basketball-reference.com,1673247199.683338,<Response [200]>
https://www.basketball-reference.com/teams/ORL/2017.html,https://www.basketball-reference.com,1673247200.0411148,<Response [200]>
https://www.basketball-reference.com/teams/UTA/2017.html,https://www.basketball-reference.com,1673247200.4110909,<Response [200]>
https://www.basketball-reference.com/teams/MEM/2017.html,https://www.basketball-reference.com,1673247200.921091,<Response [200]>
https://www.basketball-reference.com/teams/DAL/2017.html,https://www.basketball-reference.com,1673247201.3507898,<Response [200]>
https://www.basketball-reference.com/leagues/NBA_2016.html,https://www.basketball-reference.com,1673247229.383033,<Response [200]>
https://www.basketball-reference.com/teams/GSW/2016.html,https://www.basketball-reference.com,1673247229.7100558,<Response [200]>
https://www.basketball-reference.com/teams/OKC/2016.html,https://www.basketball-reference.com,1673247230.058986,<Response [200]>
https://www.basketball-reference.com/teams/SAC/2016.html,https://www.basketball-reference.com,1673247230.4206452,<Response [200]>
https://www.basketball-reference.com/teams/HOU/2016.html,https://www.basketball-reference.com,1673247230.781965,<Response [200]>
https://www.basketball-reference.com/teams/BOS/2016.html,https://www.basketball-reference.com,1673247231.1952121,<Response [200]>
https://www.basketball-reference.com/teams/POR/2016.html,https://www.basketball-reference.com,1673247231.569885,<Response [200]>
https://www.basketball-reference.com/teams/LAC/2016.html,https://www.basketball-reference.com,1673247231.979828,<Response [200]>
https://www.basketball-reference.com/teams/CLE/2016.html,https://www.basketball-reference.com,1673247232.3398662,<Response [200]>
https://www.basketball-reference.com/teams/WAS/2016.html,https://www.basketball-reference.com,1673247266.369442,<Response [200]>
https://www.basketball-reference.com/teams/SAS/2016.html,https://www.basketball-reference.com,1673247266.761457,<Response [200]>
https://www.basketball-reference.com/teams/CHO/2016.html,https://www.basketball-reference.com,1673247267.1440582,<Response [200]>
https://www.basketball-reference.com/teams/ATL/2016.html,https://www.basketball-reference.com,1673247267.531158,<Response [200]>
https://www.basketball-reference.com/teams/TOR/2016.html,https://www.basketball-reference.com,1673247267.9010189,<Response [200]>
https://www.basketball-reference.com/teams/NOP/2016.html,https://www.basketball-reference.com,1673247268.240494,<Response [200]>
https://www.basketball-reference.com/teams/MIN/2016.html,https://www.basketball-reference.com,1673247268.587127,<Response [200]>
https://www.basketball-reference.com/teams/DAL/2016.html,https://www.basketball-reference.com,1673247268.907349,<Response [200]>
https://www.basketball-reference.com/teams/IND/2016.html,https://www.basketball-reference.com,1673247269.308705,<Response [200]>
https://www.basketball-reference.com/teams/ORL/2016.html,https://www.basketball-reference.com,1673247269.669663,<Response [200]>
https://www.basketball-reference.com/teams/DET/2016.html,https://www.basketball-reference.com,1673247270.038678,<Response [200]>
https://www.basketball-reference.com/teams/DEN/2016.html,https://www.basketball-reference.com,1673247296.839543,<Response [200]>
https://www.basketball-reference.com/teams/CHI/2016.html,https://www.basketball-reference.com,1673247297.1682959,<Response [200]>
https://www.basketball-reference.com/teams/PHO/2016.html,https://www.basketball-reference.com,1673247297.540643,<Response [200]>
https://www.basketball-reference.com/teams/MIA/2016.html,https://www.basketball-reference.com,1673247297.877918,<Response [200]>
https://www.basketball-reference.com/teams/MEM/2016.html,https://www.basketball-reference.com,1673247298.2713568,<Response [200]>
https://www.basketball-reference.com/teams/MIL/2016.html,https://www.basketball-reference.com,1673247298.704503,<Response [200]>
https://www.basketball-reference.com/teams/BRK/2016.html,https://www.basketball-reference.com,1673247299.068228,<Response [200]>
https://www.basketball-reference.com/teams/NYK/2016.html,https://www.basketball-reference.com,1673247299.42573,<Response [200]>
https://www.basketball-reference.com/teams/UTA/2016.html,https://www.basketball-reference.com,1673247299.793067,<Response [200]>
https://www.basketball-reference.com/teams/PHI/2016.html,https://www.basketball-reference.com,1673247335.5763059,<Response [200]>
https://www.basketball-reference.com/teams/LAL/2016.html,https://www.basketball-reference.com,1673247335.936325,<Response [200]>
https://www.basketball-reference.com/leagues/NBA_2015.html,https://www.basketball-reference.com,1673247364.354736,<Response [200]>
https://www.basketball-reference.com/teams/GSW/2015.html,https://www.basketball-reference.com,1673247364.652375,<Response [200]>
https://www.basketball-reference.com/teams/LAC/2015.html,https://www.basketball-reference.com,1673247365.009409,<Response [200]>
https://www.basketball-reference.com/teams/DAL/2015.html,https://www.basketball-reference.com,1673247365.374839,<Response [200]>
https://www.basketball-reference.com/teams/TOR/2015.html,https://www.basketball-reference.com,1673247365.7803001,<Response [200]>
https://www.basketball-reference.com/teams/OKC/2015.html,https://www.basketball-reference.com,1673247366.157006,<Response [200]>
https://www.basketball-reference.com/teams/HOU/2015.html,https://www.basketball-reference.com,1673247366.514028,<Response [200]>
https://www.basketball-reference.com/teams/SAS/2015.html,https://www.basketball-reference.com,1673247366.940876,<Response [200]>
https://www.basketball-reference.com/teams/CLE/2015.html,https://www.basketball-reference.com,1673247367.293289,<Response [200]>
https://www.basketball-reference.com/teams/POR/2015.html,https://www.basketball-reference.com,1673247367.7112179,<Response [200]>
https://www.basketball-reference.com/teams/ATL/2015.html,https://www.basketball-reference.com,1673247368.1041589,<Response [200]>
https://www.basketball-reference.com/teams/PHO/2015.html,https://www.basketball-reference.com,1673247368.4762812,<Response [200]>
https://www.basketball-reference.com/teams/DEN/2015.html,https://www.basketball-reference.com,1673247368.8861089,<Response [200]>
https://www.basketball-reference.com/teams/BOS/2015.html,https://www.basketball-reference.com,1673247369.2800808,<Response [200]>
https://www.basketball-reference.com/teams/SAC/2015.html,https://www.basketball-reference.com,1673247369.678085,<Response [200]>
https://www.basketball-reference.com/teams/CHI/2015.html,https://www.basketball-reference.com,1673247370.047557,<Response [200]>
https://www.basketball-reference.com/teams/NOP/2015.html,https://www.basketball-reference.com,1673247370.495327,<Response [200]>
https://www.basketball-reference.com/teams/WAS/2015.html,https://www.basketball-reference.com,1673247370.8721678,<Response [200]>
https://www.basketball-reference.com/teams/DET/2015.html,https://www.basketball-reference.com,1673247404.297035,<Response [200]>
https://www.basketball-reference.com/teams/LAL/2015.html,https://www.basketball-reference.com,1673247404.65653,<Response [200]>
https://www.basketball-reference.com/teams/MEM/2015.html,https://www.basketball-reference.com,1673247431.859811,<Response [200]>
https://www.basketball-reference.com/teams/BRK/2015.html,https://www.basketball-reference.com,1673247432.271588,<Response [200]>
https://www.basketball-reference.com/teams/MIL/2015.html,https://www.basketball-reference.com,1673247432.666187,<Response [200]>
https://www.basketball-reference.com/teams/MIN/2015.html,https://www.basketball-reference.com,1673247433.046985,<Response [200]>
https://www.basketball-reference.com/teams/IND/2015.html,https://www.basketball-reference.com,1673247433.4581492,<Response [200]>
https://www.basketball-reference.com/teams/ORL/2015.html,https://www.basketball-reference.com,1673247433.790733,<Response [200]>
https://www.basketball-reference.com/teams/UTA/2015.html,https://www.basketball-reference.com,1673247434.140245,<Response [200]>
https://www.basketball-reference.com/teams/MIA/2015.html,https://www.basketball-reference.com,1673247434.5001578,<Response [200]>
https://www.basketball-reference.com/teams/CHO/2015.html,https://www.basketball-reference.com,1673247434.8707469,<Response [200]>
https://www.basketball-reference.com/teams/PHI/2015.html,https://www.basketball-reference.com,1673247435.262261,<Response [200]>
https://www.basketball-reference.com/teams/NYK/2015.html,https://www.basketball-reference.com,1673247435.6087759,<Response [200]>
https://www.basketball-reference.com/leagues/NBA_2014.html,https://www.basketball-reference.com,1673247542.364135,<Response [200]>
https://www.basketball-reference.com/teams/LAC/2014.html,https://www.basketball-reference.com,1673247542.725564,<Response [200]>
https://www.basketball-reference.com/teams/HOU/2014.html,https://www.basketball-reference.com,1673247543.080004,<Response [200]>
https://www.basketball-reference.com/teams/MIN/2014.html,https://www.basketball-reference.com,1673247543.468357,<Response [200]>
https://www.basketball-reference.com/teams/POR/2014.html,https://www.basketball-reference.com,1673247543.842578,<Response [200]>
https://www.basketball-reference.com/teams/OKC/2014.html,https://www.basketball-reference.com,1673247544.1918871,<Response [200]>
https://www.basketball-reference.com/teams/SAS/2014.html,https://www.basketball-reference.com,1673247544.52849,<Response [200]>
https://www.basketball-reference.com/teams/PHO/2014.html,https://www.basketball-reference.com,1673247544.942589,<Response [200]>
https://www.basketball-reference.com/teams/DAL/2014.html,https://www.basketball-reference.com,1673247545.27646,<Response [200]>
https://www.basketball-reference.com/teams/DEN/2014.html,https://www.basketball-reference.com,1673247545.609482,<Response [200]>
https://www.basketball-reference.com/teams/GSW/2014.html,https://www.basketball-reference.com,1673247545.9417589,<Response [200]>
https://www.basketball-reference.com/teams/LAL/2014.html,https://www.basketball-reference.com,1673247546.281139,<Response [200]>
https://www.basketball-reference.com/teams/MIA/2014.html,https://www.basketball-reference.com,1673247546.599433,<Response [200]>
https://www.basketball-reference.com/teams/TOR/2014.html,https://www.basketball-reference.com,1673247547.004726,<Response [200]>
https://www.basketball-reference.com/teams/DET/2014.html,https://www.basketball-reference.com,1673247547.3578272,<Response [200]>
https://www.basketball-reference.com/teams/ATL/2014.html,https://www.basketball-reference.com,1673247547.664701,<Response [200]>
https://www.basketball-reference.com/teams/WAS/2014.html,https://www.basketball-reference.com,1673247548.025488,<Response [200]>
https://www.basketball-reference.com/teams/SAC/2014.html,https://www.basketball-reference.com,1673247548.47156,<Response [200]>
https://www.basketball-reference.com/teams/NOP/2014.html,https://www.basketball-reference.com,1673247548.8490272,<Response [200]>
https://www.basketball-reference.com/teams/PHI/2014.html,https://www.basketball-reference.com,1673247549.246318,<Response [200]>
https://www.basketball-reference.com/teams/NYK/2014.html,https://www.basketball-reference.com,1673247618.201101,<Response [200]>
https://www.basketball-reference.com/teams/BRK/2014.html,https://www.basketball-reference.com,1673247618.538817,<Response [200]>
https://www.basketball-reference.com/teams/CLE/2014.html,https://www.basketball-reference.com,1673247618.960726,<Response [200]>
https://www.basketball-reference.com/teams/CHA/2014.html,https://www.basketball-reference.com,1673247619.338992,<Response [200]>
https://www.basketball-reference.com/teams/IND/2014.html,https://www.basketball-reference.com,1673247619.7123158,<Response [200]>
https://www.basketball-reference.com/teams/ORL/2014.html,https://www.basketball-reference.com,1673247620.133379,<Response [200]>
https://www.basketball-reference.com/teams/BOS/2014.html,https://www.basketball-reference.com,1673247620.601184,<Response [200]>
https://www.basketball-reference.com/teams/MEM/2014.html,https://www.basketball-reference.com,1673247621.0468411,<Response [200]>
https://www.basketball-reference.com/teams/MIL/2014.html,https://www.basketball-reference.com,1673247621.438875,<Response [200]>
https://www.basketball-reference.com/teams/UTA/2014.html,https://www.basketball-reference.com,1673247621.768821,<Response [200]>
https://www.basketball-reference.com/teams/CHI/2014.html,https://www.basketball-reference.com,1673247622.100529,<Response [200]>
https://www.basketball-reference.com/leagues/NBA_2013.html,https://www.basketball-reference.com,1673247639.908745,<Response [200]>
https://www.basketball-reference.com/teams/DEN/2013.html,https://www.basketball-reference.com,1673247640.257173,<Response [200]>
https://www.basketball-reference.com/teams/HOU/2013.html,https://www.basketball-reference.com,1673247640.655434,<Response [200]>
https://www.basketball-reference.com/teams/OKC/2013.html,https://www.basketball-reference.com,1673247641.090157,<Response [200]>
https://www.basketball-reference.com/teams/SAS/2013.html,https://www.basketball-reference.com,1673247641.508773,<Response [200]>
https://www.basketball-reference.com/teams/MIA/2013.html,https://www.basketball-reference.com,1673247641.912108,<Response [200]>
https://www.basketball-reference.com/teams/LAL/2013.html,https://www.basketball-reference.com,1673247642.311639,<Response [200]>
https://www.basketball-reference.com/teams/GSW/2013.html,https://www.basketball-reference.com,1673247642.785303,<Response [200]>
https://www.basketball-reference.com/teams/DAL/2013.html,https://www.basketball-reference.com,1673247643.192402,<Response [200]>
https://www.basketball-reference.com/teams/LAC/2013.html,https://www.basketball-reference.com,1673247689.5155368,<Response [200]>
https://www.basketball-reference.com/teams/SAC/2013.html,https://www.basketball-reference.com,1673247689.919751,<Response [200]>
https://www.basketball-reference.com/teams/NYK/2013.html,https://www.basketball-reference.com,1673247690.3115368,<Response [200]>
https://www.basketball-reference.com/teams/MIL/2013.html,https://www.basketball-reference.com,1673247690.6830778,<Response [200]>
https://www.basketball-reference.com/teams/UTA/2013.html,https://www.basketball-reference.com,1673247691.083591,<Response [200]>
https://www.basketball-reference.com/teams/ATL/2013.html,https://www.basketball-reference.com,1673247691.48493,<Response [200]>
https://www.basketball-reference.com/teams/POR/2013.html,https://www.basketball-reference.com,1673247691.850592,<Response [200]>
https://www.basketball-reference.com/teams/TOR/2013.html,https://www.basketball-reference.com,1673247692.2011242,<Response [200]>
https://www.basketball-reference.com/teams/BRK/2013.html,https://www.basketball-reference.com,1673247692.559613,<Response [200]>
https://www.basketball-reference.com/teams/CLE/2013.html,https://www.basketball-reference.com,1673247692.912813,<Response [200]>
https://www.basketball-reference.com/teams/MIN/2013.html,https://www.basketball-reference.com,1673247693.3057091,<Response [200]>
https://www.basketball-reference.com/teams/BOS/2013.html,https://www.basketball-reference.com,1673247704.1324959,<Response [200]>
https://www.basketball-reference.com/teams/PHO/2013.html,https://www.basketball-reference.com,1673247704.54284,<Response [200]>
https://www.basketball-reference.com/teams/DET/2013.html,https://www.basketball-reference.com,1673247704.97078,<Response [200]>
https://www.basketball-reference.com/teams/ORL/2013.html,https://www.basketball-reference.com,1673247705.422005,<Response [200]>
https://www.basketball-reference.com/teams/NOH/2013.html,https://www.basketball-reference.com,1673247705.798732,<Response [200]>
https://www.basketball-reference.com/teams/IND/2013.html,https://www.basketball-reference.com,1673247706.114948,<Response [200]>
https://www.basketball-reference.com/teams/CHA/2013.html,https://www.basketball-reference.com,1673247706.539574,<Response [200]>
https://www.basketball-reference.com/teams/MEM/2013.html,https://www.basketball-reference.com,1673247706.893027,<Response [200]>
https://www.basketball-reference.com/teams/WAS/2013.html,https://www.basketball-reference.com,1673247707.325122,<Response [200]>
https://www.basketball-reference.com/teams/CHI/2013.html,https://www.basketball-reference.com,1673247762.623538,<Response [200]>
https://www.basketball-reference.com/teams/PHI/2013.html,https://www.basketball-reference.com,1673247763.040556,<Response [200]>
https://www.basketball-reference.com/leagues/NBA_2012.html,https://www.basketball-reference.com,1673291648.255522,<Response [200]>
https://www.basketball-reference.com/teams/DEN/2012.html,https://www.basketball-reference.com,1673291648.629761,<Response [200]>
https://www.basketball-reference.com/teams/SAS/2012.html,https://www.basketball-reference.com,1673291649.0614321,<Response [200]>
https://www.basketball-reference.com/teams/OKC/2012.html,https://www.basketball-reference.com,1673291649.43087,<Response [200]>
https://www.basketball-reference.com/teams/UTA/2012.html,https://www.basketball-reference.com,1673291649.8542342,<Response [200]>
https://www.basketball-reference.com/teams/MIL/2012.html,https://www.basketball-reference.com,1673291650.295564,<Response [200]>
https://www.basketball-reference.com/teams/SAC/2012.html,https://www.basketball-reference.com,1673291650.80091,<Response [200]>
https://www.basketball-reference.com/teams/MIA/2012.html,https://www.basketball-reference.com,1673291651.2348852,<Response [200]>
https://www.basketball-reference.com/teams/PHO/2012.html,https://www.basketball-reference.com,1673291651.621116,<Response [200]>
https://www.basketball-reference.com/teams/HOU/2012.html,https://www.basketball-reference.com,1673291652.011644,<Response [200]>
https://www.basketball-reference.com/teams/MIN/2012.html,https://www.basketball-reference.com,1673291652.3737469,<Response [200]>
https://www.basketball-reference.com/teams/NYK/2012.html,https://www.basketball-reference.com,1673291652.7530088,<Response [200]>
https://www.basketball-reference.com/teams/GSW/2012.html,https://www.basketball-reference.com,1673291653.121234,<Response [200]>
https://www.basketball-reference.com/teams/IND/2012.html,https://www.basketball-reference.com,1673291653.478797,<Response [200]>
https://www.basketball-reference.com/teams/LAC/2012.html,https://www.basketball-reference.com,1673291653.999678,<Response [200]>
https://www.basketball-reference.com/teams/LAL/2012.html,https://www.basketball-reference.com,1673291654.441416,<Response [200]>
https://www.basketball-reference.com/teams/POR/2012.html,https://www.basketball-reference.com,1673291654.805355,<Response [200]>
https://www.basketball-reference.com/teams/ATL/2012.html,https://www.basketball-reference.com,1673291655.586268,<Response [200]>
https://www.basketball-reference.com/teams/CHI/2012.html,https://www.basketball-reference.com,1673291656.2077959,<Response [200]>
https://www.basketball-reference.com/teams/DAL/2012.html,https://www.basketball-reference.com,1673291656.564057,<Response [200]>
https://www.basketball-reference.com/teams/MEM/2012.html,https://www.basketball-reference.com,1673291723.9251788,<Response [200]>
https://www.basketball-reference.com/teams/ORL/2012.html,https://www.basketball-reference.com,1673291724.349712,<Response [200]>
https://www.basketball-reference.com/teams/WAS/2012.html,https://www.basketball-reference.com,1673291724.753024,<Response [200]>
https://www.basketball-reference.com/teams/PHI/2012.html,https://www.basketball-reference.com,1673291725.4277701,<Response [200]>
https://www.basketball-reference.com/teams/NJN/2012.html,https://www.basketball-reference.com,1673291725.853905,<Response [200]>
https://www.basketball-reference.com/teams/CLE/2012.html,https://www.basketball-reference.com,1673291726.5638468,<Response [200]>
https://www.basketball-reference.com/teams/BOS/2012.html,https://www.basketball-reference.com,1673291726.953289,<Response [200]>
https://www.basketball-reference.com/teams/DET/2012.html,https://www.basketball-reference.com,1673291727.366891,<Response [200]>
https://www.basketball-reference.com/teams/TOR/2012.html,https://www.basketball-reference.com,1673291727.8726652,<Response [200]>
https://www.basketball-reference.com/teams/NOH/2012.html,https://www.basketball-reference.com,1673291728.2294788,<Response [200]>
https://www.basketball-reference.com/teams/CHA/2012.html,https://www.basketball-reference.com,1673291728.661668,<Response [200]>
https://www.basketball-reference.com/leagues/NBA_2011.html,https://www.basketball-reference.com,1673291883.78031,<Response [200]>
https://www.basketball-reference.com/teams/DEN/2011.html,https://www.basketball-reference.com,1673291884.25842,<Response [200]>
https://www.basketball-reference.com/teams/NYK/2011.html,https://www.basketball-reference.com,1673291884.6630442,<Response [200]>
https://www.basketball-reference.com/teams/HOU/2011.html,https://www.basketball-reference.com,1673291885.041389,<Response [200]>
https://www.basketball-reference.com/teams/PHO/2011.html,https://www.basketball-reference.com,1673291885.3984609,<Response [200]>
https://www.basketball-reference.com/teams/OKC/2011.html,https://www.basketball-reference.com,1673291885.789684,<Response [200]>
https://www.basketball-reference.com/teams/SAS/2011.html,https://www.basketball-reference.com,1673291886.218094,<Response [200]>
https://www.basketball-reference.com/teams/GSW/2011.html,https://www.basketball-reference.com,1673291886.696733,<Response [200]>
https://www.basketball-reference.com/teams/MIA/2011.html,https://www.basketball-reference.com,1673291887.049221,<Response [200]>
https://www.basketball-reference.com/teams/LAL/2011.html,https://www.basketball-reference.com,1673291890.572163,<Response [200]>
https://www.basketball-reference.com/teams/MIN/2011.html,https://www.basketball-reference.com,1673291891.327451,<Response [200]>
https://www.basketball-reference.com/teams/DAL/2011.html,https://www.basketball-reference.com,1673291891.714869,<Response [200]>
https://www.basketball-reference.com/teams/MEM/2011.html,https://www.basketball-reference.com,1673291892.149042,<Response [200]>
https://www.basketball-reference.com/teams/IND/2011.html,https://www.basketball-reference.com,1673291892.5963898,<Response [200]>
https://www.basketball-reference.com/teams/UTA/2011.html,https://www.basketball-reference.com,1673291893.00612,<Response [200]>
https://www.basketball-reference.com/teams/SAC/2011.html,https://www.basketball-reference.com,1673291893.411117,<Response [200]>
https://www.basketball-reference.com/teams/ORL/2011.html,https://www.basketball-reference.com,1673291893.827894,<Response [200]>
https://www.basketball-reference.com/teams/TOR/2011.html,https://www.basketball-reference.com,1673291894.242028,<Response [200]>
https://www.basketball-reference.com/teams/PHI/2011.html,https://www.basketball-reference.com,1673291894.603981,<Response [200]>
https://www.basketball-reference.com/teams/LAC/2011.html,https://www.basketball-reference.com,1673291958.697328,<Response [200]>
https://www.basketball-reference.com/teams/CHI/2011.html,https://www.basketball-reference.com,1673291959.0697348,<Response [200]>
https://www.basketball-reference.com/teams/WAS/2011.html,https://www.basketball-reference.com,1673291959.682227,<Response [200]>
https://www.basketball-reference.com/teams/DET/2011.html,https://www.basketball-reference.com,1673291960.272637,<Response [200]>
https://www.basketball-reference.com/teams/BOS/2011.html,https://www.basketball-reference.com,1673291960.729483,<Response [200]>
https://www.basketball-reference.com/teams/POR/2011.html,https://www.basketball-reference.com,1673291961.1566248,<Response [200]>
https://www.basketball-reference.com/teams/CLE/2011.html,https://www.basketball-reference.com,1673291961.5788999,<Response [200]>
https://www.basketball-reference.com/teams/ATL/2011.html,https://www.basketball-reference.com,1673291962.03278,<Response [200]>
https://www.basketball-reference.com/teams/NOH/2011.html,https://www.basketball-reference.com,1673291962.474164,<Response [200]>
https://www.basketball-reference.com/teams/NJN/2011.html,https://www.basketball-reference.com,1673291962.917353,<Response [200]>
https://www.basketball-reference.com/teams/CHA/2011.html,https://www.basketball-reference.com,1673291963.304467,<Response [200]>
https://www.basketball-reference.com/teams/MIL/2011.html,https://www.basketball-reference.com,1673291963.716764,<Response [200]>
https://www.basketball-reference.com/draft/NBA_2022.html,https://www.basketball-reference.com,1673295782.8054552,<Response [200]>
https://www.basketball-reference.com/draft/NBA_2022.html,https://www.basketball-reference.com,1673295852.097387,<Response [200]>
https://www.basketball-reference.com/draft/NBA_2022.html,https://www.basketball-reference.com,1673303113.701238,<Response [200]>
https://www.basketball-reference.com/draft/NBA_2022.html,https://www.basketball-reference.com,1673303145.19758,<Response [200]>
https://www.basketball-reference.com/draft/NBA_2021.html,https://www.basketball-reference.com,1673303172.429678,<Response [200]>
https://www.basketball-reference.com/draft/NBA_2022.html,https://www.basketball-reference.com,1673303663.5325282,<Response [200]>
https://www.basketball-reference.com/draft/NBA_2022.html,https://www.basketball-reference.com,1673303858.54033,<Response [200]>
https://www.basketball-reference.com/draft/NBA_2022.html,https://www.basketball-reference.com,1673303903.465051,<Response [200]>
https://www.basketball-reference.com/draft/NBA_2022.html,https://www.basketball-reference.com,1673304119.15496,<Response [200]>
https://www.basketball-reference.com/draft/NBA_2022.html,https://www.basketball-reference.com,1673304312.842779,<Response [200]>
https://www.basketball-reference.com/draft/NBA_1991.html,https://www.basketball-reference.com,1673304323.426624,<Response [200]>
https://www.basketball-reference.com/draft/NBA_1992.html,https://www.basketball-reference.com,1673304323.632994,<Response [200]>
https://www.basketball-reference.com/draft/NBA_1993.html,https://www.basketball-reference.com,1673304323.844016,<Response [200]>
https://www.basketball-reference.com/draft/NBA_1994.html,https://www.basketball-reference.com,1673304324.09099,<Response [200]>
https://www.basketball-reference.com/draft/NBA_1995.html,https://www.basketball-reference.com,1673304324.3251488,<Response [200]>
https://www.basketball-reference.com/draft/NBA_1996.html,https://www.basketball-reference.com,1673304324.5492249,<Response [200]>
https://www.basketball-reference.com/draft/NBA_1997.html,https://www.basketball-reference.com,1673304324.776823,<Response [200]>
https://www.basketball-reference.com/draft/NBA_1998.html,https://www.basketball-reference.com,1673304324.984586,<Response [200]>
https://www.basketball-reference.com/draft/NBA_1999.html,https://www.basketball-reference.com,1673304325.2049222,<Response [200]>
https://www.basketball-reference.com/draft/NBA_2000.html,https://www.basketball-reference.com,1673304325.454758,<Response [200]>
https://www.basketball-reference.com/draft/NBA_2001.html,https://www.basketball-reference.com,1673304325.6810722,<Response [200]>
https://www.basketball-reference.com/draft/NBA_2002.html,https://www.basketball-reference.com,1673304325.907979,<Response [200]>
https://www.basketball-reference.com/draft/NBA_2003.html,https://www.basketball-reference.com,1673304326.154871,<Response [200]>
https://www.basketball-reference.com/draft/NBA_2004.html,https://www.basketball-reference.com,1673304326.396319,<Response [200]>
https://www.basketball-reference.com/draft/NBA_2005.html,https://www.basketball-reference.com,1673304326.6293151,<Response [200]>
https://www.basketball-reference.com/draft/NBA_2006.html,https://www.basketball-reference.com,1673304326.819438,<Response [200]>
https://www.basketball-reference.com/draft/NBA_2007.html,https://www.basketball-reference.com,1673304327.053212,<Response [200]>
https://www.basketball-reference.com/draft/NBA_2008.html,https://www.basketball-reference.com,1673304327.293826,<Response [200]>
https://www.basketball-reference.com/draft/NBA_2009.html,https://www.basketball-reference.com,1673304386.7913759,<Response [200]>
https://www.basketball-reference.com/draft/NBA_2010.html,https://www.basketball-reference.com,1673304387.0931451,<Response [200]>
https://www.basketball-reference.com/draft/NBA_2011.html,https://www.basketball-reference.com,1673304387.2955048,<Response [200]>
https://www.basketball-reference.com/draft/NBA_2012.html,https://www.basketball-reference.com,1673304387.494684,<Response [200]>
https://www.basketball-reference.com/draft/NBA_2013.html,https://www.basketball-reference.com,1673304387.703598,<Response [200]>
https://www.basketball-reference.com/draft/NBA_2014.html,https://www.basketball-reference.com,1673304387.9203079,<Response [200]>
https://www.basketball-reference.com/draft/NBA_2015.html,https://www.basketball-reference.com,1673304388.1843,<Response [200]>
https://www.basketball-reference.com/draft/NBA_2016.html,https://www.basketball-reference.com,1673304388.424611,<Response [200]>
https://www.basketball-reference.com/draft/NBA_2017.html,https://www.basketball-reference.com,1673304388.656874,<Response [200]>
https://www.basketball-reference.com/draft/NBA_2018.html,https://www.basketball-reference.com,1673304388.890709,<Response [200]>
https://www.basketball-reference.com/draft/NBA_2019.html,https://www.basketball-reference.com,1673304389.114591,<Response [200]>
https://www.basketball-reference.com/draft/NBA_2020.html,https://www.basketball-reference.com,1673304389.36394,<Response [200]>
https://www.basketball-reference.com/draft/NBA_2021.html,https://www.basketball-reference.com,1673304389.5863402,<Response [200]>
https://www.basketball-reference.com/draft/NBA_2022.html,https://www.basketball-reference.com,1673304389.833125,<Response [200]>
